"WELL_LOCATION","SINGLE_WELL_BATTERY","GAS_OIL_RATIO","SUM(WBT.PRORATED_OIL)","MAX(WBT.PRODUCTION_DATE)","ERROR"
"1S0022806404W400","N","0.04982","549.56","08-MAY-18","REQUIRED_FIELD_MISSING:Required fields are missing: [Well_ID__c]
Error fields: Well_ID__c "
"1D0100704606W402","N","0","0","08-MAY-18","REQUIRED_FIELD_MISSING:Required fields are missing: [Well_ID__c]
Error fields: Well_ID__c "
"19D011304924W300","N","0.01923","0","08-MAY-18","REQUIRED_FIELD_MISSING:Required fields are missing: [Well_ID__c]
Error fields: Well_ID__c "
"19B011304924W300","N","0.01923","0","08-MAY-18","REQUIRED_FIELD_MISSING:Required fields are missing: [Well_ID__c]
Error fields: Well_ID__c "
"197050705323W300","N","0.03627","0","08-MAY-18","REQUIRED_FIELD_MISSING:Required fields are missing: [Well_ID__c]
Error fields: Well_ID__c "
"196041804923W300","N","0.01923","0","08-MAY-18","REQUIRED_FIELD_MISSING:Required fields are missing: [Well_ID__c]
Error fields: Well_ID__c "
"195041804923W300","N","0.04181","381.44","08-MAY-18","REQUIRED_FIELD_MISSING:Required fields are missing: [Well_ID__c]
Error fields: Well_ID__c "
"131071105126W304","N","0","0","08-MAY-18","REQUIRED_FIELD_MISSING:Required fields are missing: [Well_ID__c]
Error fields: Well_ID__c "
"130081305125W303","N","0","0","08-MAY-18","REQUIRED_FIELD_MISSING:Required fields are missing: [Well_ID__c]
Error fields: Well_ID__c "
"126123206404W400","N","0.04982","0","08-MAY-18","REQUIRED_FIELD_MISSING:Required fields are missing: [Well_ID__c]
Error fields: Well_ID__c "
"125163206404W400","N","0.04982","0","08-MAY-18","REQUIRED_FIELD_MISSING:Required fields are missing: [Well_ID__c]
Error fields: Well_ID__c "
"125123206404W400","N","0.04982","18.05","08-MAY-18","REQUIRED_FIELD_MISSING:Required fields are missing: [Well_ID__c]
Error fields: Well_ID__c "
"124163206404W400","N","0.04982","0","08-MAY-18","REQUIRED_FIELD_MISSING:Required fields are missing: [Well_ID__c]
Error fields: Well_ID__c "
"124123206404W400","N","0.04982","416.81","08-MAY-18","REQUIRED_FIELD_MISSING:Required fields are missing: [Well_ID__c]
Error fields: Well_ID__c "
"123163206404W400","N","0.04982","0","08-MAY-18","REQUIRED_FIELD_MISSING:Required fields are missing: [Well_ID__c]
Error fields: Well_ID__c "
"123123206404W400","N","0.04982","0","08-MAY-18","REQUIRED_FIELD_MISSING:Required fields are missing: [Well_ID__c]
Error fields: Well_ID__c "
"122163206404W400","N","0.04982","200.36","08-MAY-18","REQUIRED_FIELD_MISSING:Required fields are missing: [Well_ID__c]
Error fields: Well_ID__c "
"122123206404W400","N","0.04982","33.98","08-MAY-18","REQUIRED_FIELD_MISSING:Required fields are missing: [Well_ID__c]
Error fields: Well_ID__c "
"121163206404W400","N","0.04982","77.39","08-MAY-18","REQUIRED_FIELD_MISSING:Required fields are missing: [Well_ID__c]
Error fields: Well_ID__c "
"121123206404W400","N","0.04982","0","08-MAY-18","REQUIRED_FIELD_MISSING:Required fields are missing: [Well_ID__c]
Error fields: Well_ID__c "
"121102505126W302","N","0","0","08-MAY-18","REQUIRED_FIELD_MISSING:Required fields are missing: [Well_ID__c]
Error fields: Well_ID__c "
"121100605023W302","N","0.023","0","08-MAY-18","REQUIRED_FIELD_MISSING:Required fields are missing: [Well_ID__c]
Error fields: Well_ID__c "
"121022806404W400","N","0.04982","0","08-MAY-18","REQUIRED_FIELD_MISSING:Required fields are missing: [Well_ID__c]
Error fields: Well_ID__c "
"120163206404W400","N","0.04982","136.52","08-MAY-18","REQUIRED_FIELD_MISSING:Required fields are missing: [Well_ID__c]
Error fields: Well_ID__c "
"120133206404W400","N","0.04982","0","08-MAY-18","REQUIRED_FIELD_MISSING:Required fields are missing: [Well_ID__c]
Error fields: Well_ID__c "
"120123206404W400","N","0.04982","532.28","08-MAY-18","REQUIRED_FIELD_MISSING:Required fields are missing: [Well_ID__c]
Error fields: Well_ID__c "
"120022806404W400","N","0.04982","0","08-MAY-18","REQUIRED_FIELD_MISSING:Required fields are missing: [Well_ID__c]
Error fields: Well_ID__c "
"119163206404W400","N","0.04982","303.51","08-MAY-18","REQUIRED_FIELD_MISSING:Required fields are missing: [Well_ID__c]
Error fields: Well_ID__c "
"119133206404W400","N","0.04982","530.24","08-MAY-18","REQUIRED_FIELD_MISSING:Required fields are missing: [Well_ID__c]
Error fields: Well_ID__c "
"119123206404W400","N","0.04982","366.12","08-MAY-18","REQUIRED_FIELD_MISSING:Required fields are missing: [Well_ID__c]
Error fields: Well_ID__c "
"119022806404W400","N","0.04982","0","08-MAY-18","REQUIRED_FIELD_MISSING:Required fields are missing: [Well_ID__c]
Error fields: Well_ID__c "
"118163206404W400","N","0.04982","0","08-MAY-18","REQUIRED_FIELD_MISSING:Required fields are missing: [Well_ID__c]
Error fields: Well_ID__c "
"118133206404W400","N","0.04982","0","08-MAY-18","REQUIRED_FIELD_MISSING:Required fields are missing: [Well_ID__c]
Error fields: Well_ID__c "
"118123206404W400","N","0.04982","0","08-MAY-18","REQUIRED_FIELD_MISSING:Required fields are missing: [Well_ID__c]
Error fields: Well_ID__c "
"118022806404W400","N","0.04982","0","08-MAY-18","REQUIRED_FIELD_MISSING:Required fields are missing: [Well_ID__c]
Error fields: Well_ID__c "
"117162906404W400","N","0.04982","171.67","08-MAY-18","REQUIRED_FIELD_MISSING:Required fields are missing: [Well_ID__c]
Error fields: Well_ID__c "
"117133206404W400","N","0.04982","38.98","08-MAY-18","REQUIRED_FIELD_MISSING:Required fields are missing: [Well_ID__c]
Error fields: Well_ID__c "
"117123206404W400","N","0.04982","0","08-MAY-18","REQUIRED_FIELD_MISSING:Required fields are missing: [Well_ID__c]
Error fields: Well_ID__c "
"117122906404W400","N","0.03564","0","08-MAY-18","REQUIRED_FIELD_MISSING:Required fields are missing: [Well_ID__c]
Error fields: Well_ID__c "
"117072806404W400","N","0.04982","0","08-MAY-18","REQUIRED_FIELD_MISSING:Required fields are missing: [Well_ID__c]
Error fields: Well_ID__c "
"117042906404W400","N","0.04982","273.02","08-MAY-18","REQUIRED_FIELD_MISSING:Required fields are missing: [Well_ID__c]
Error fields: Well_ID__c "
"117022806404W400","N","0.04982","0","08-MAY-18","REQUIRED_FIELD_MISSING:Required fields are missing: [Well_ID__c]
Error fields: Well_ID__c "
"116163206404W400","N","0.04982","0","08-MAY-18","REQUIRED_FIELD_MISSING:Required fields are missing: [Well_ID__c]
Error fields: Well_ID__c "
"116162906404W400","N","0.04982","0","08-MAY-18","REQUIRED_FIELD_MISSING:Required fields are missing: [Well_ID__c]
Error fields: Well_ID__c "
"116133206404W400","N","0.04982","0","08-MAY-18","REQUIRED_FIELD_MISSING:Required fields are missing: [Well_ID__c]
Error fields: Well_ID__c "
"116123206404W400","N","0.04982","31.94","08-MAY-18","REQUIRED_FIELD_MISSING:Required fields are missing: [Well_ID__c]
Error fields: Well_ID__c "
"116122906404W400","N","0.03564","0","08-MAY-18","REQUIRED_FIELD_MISSING:Required fields are missing: [Well_ID__c]
Error fields: Well_ID__c "
"116072806404W400","N","0.04982","844.44","08-MAY-18","REQUIRED_FIELD_MISSING:Required fields are missing: [Well_ID__c]
Error fields: Well_ID__c "
"116052906404W400","N","0.04982","0","08-MAY-18","REQUIRED_FIELD_MISSING:Required fields are missing: [Well_ID__c]
Error fields: Well_ID__c "
"116042906404W400","N","0.04982","0","08-MAY-18","REQUIRED_FIELD_MISSING:Required fields are missing: [Well_ID__c]
Error fields: Well_ID__c "
"116022806404W400","N","0.04982","0","08-MAY-18","REQUIRED_FIELD_MISSING:Required fields are missing: [Well_ID__c]
Error fields: Well_ID__c "
"115163206404W400","N","0.04982","436.78","08-MAY-18","REQUIRED_FIELD_MISSING:Required fields are missing: [Well_ID__c]
Error fields: Well_ID__c "
"115162906404W400","N","0.04982","156.54","08-MAY-18","REQUIRED_FIELD_MISSING:Required fields are missing: [Well_ID__c]
Error fields: Well_ID__c "
"115133206404W400","N","0.04982","703.47","08-MAY-18","REQUIRED_FIELD_MISSING:Required fields are missing: [Well_ID__c]
Error fields: Well_ID__c "
"115123206404W400","N","0.04982","0","08-MAY-18","REQUIRED_FIELD_MISSING:Required fields are missing: [Well_ID__c]
Error fields: Well_ID__c "
"115122906404W400","N","0.03564","0","08-MAY-18","REQUIRED_FIELD_MISSING:Required fields are missing: [Well_ID__c]
Error fields: Well_ID__c "
"115072806404W400","N","0.04982","390.88","08-MAY-18","REQUIRED_FIELD_MISSING:Required fields are missing: [Well_ID__c]
Error fields: Well_ID__c "
"115053206404W400","N","0.04982","0","08-MAY-18","REQUIRED_FIELD_MISSING:Required fields are missing: [Well_ID__c]
Error fields: Well_ID__c "
"115052906404W400","N","0.04982","0","08-MAY-18","REQUIRED_FIELD_MISSING:Required fields are missing: [Well_ID__c]
Error fields: Well_ID__c "
"115042906404W400","N","0.04982","6.37","08-MAY-18","REQUIRED_FIELD_MISSING:Required fields are missing: [Well_ID__c]
Error fields: Well_ID__c "
"115022806404W400","N","0.04982","650.66","08-MAY-18","REQUIRED_FIELD_MISSING:Required fields are missing: [Well_ID__c]
Error fields: Well_ID__c "
"114163206404W400","N","0.04982","0","08-MAY-18","REQUIRED_FIELD_MISSING:Required fields are missing: [Well_ID__c]
Error fields: Well_ID__c "
"114162906404W400","N","0.04982","0","08-MAY-18","REQUIRED_FIELD_MISSING:Required fields are missing: [Well_ID__c]
Error fields: Well_ID__c "
"114161706404W400","N","0.04982","0","08-MAY-18","REQUIRED_FIELD_MISSING:Required fields are missing: [Well_ID__c]
Error fields: Well_ID__c "
"114133206404W400","N","0.04982","0","08-MAY-18","REQUIRED_FIELD_MISSING:Required fields are missing: [Well_ID__c]
Error fields: Well_ID__c "
"114132906404W400","N","0.03564","0","08-MAY-18","REQUIRED_FIELD_MISSING:Required fields are missing: [Well_ID__c]
Error fields: Well_ID__c "
"114123206404W402","N","0.04982","18.53","08-MAY-18","REQUIRED_FIELD_MISSING:Required fields are missing: [Well_ID__c]
Error fields: Well_ID__c "
"114072806404W400","N","0.04982","431.29","08-MAY-18","REQUIRED_FIELD_MISSING:Required fields are missing: [Well_ID__c]
Error fields: Well_ID__c "
"114053206404W400","N","0.04982","95.81","08-MAY-18","REQUIRED_FIELD_MISSING:Required fields are missing: [Well_ID__c]
Error fields: Well_ID__c "
"114052906404W400","N","0.04982","300.78","08-MAY-18","REQUIRED_FIELD_MISSING:Required fields are missing: [Well_ID__c]
Error fields: Well_ID__c "
"114042906404W400","N","0.04982","6.37","08-MAY-18","REQUIRED_FIELD_MISSING:Required fields are missing: [Well_ID__c]
Error fields: Well_ID__c "
"114022806404W400","N","0.04982","0","08-MAY-18","REQUIRED_FIELD_MISSING:Required fields are missing: [Well_ID__c]
Error fields: Well_ID__c "
"113163206404W400","N","0.04982","745.12","08-MAY-18","REQUIRED_FIELD_MISSING:Required fields are missing: [Well_ID__c]
Error fields: Well_ID__c "
"113162906404W400","N","0.04982","208.78","08-MAY-18","REQUIRED_FIELD_MISSING:Required fields are missing: [Well_ID__c]
Error fields: Well_ID__c "
"113161706404W400","N","0.04982","0","08-MAY-18","REQUIRED_FIELD_MISSING:Required fields are missing: [Well_ID__c]
Error fields: Well_ID__c "
"113150105128W302","N","0","0","08-MAY-18","REQUIRED_FIELD_MISSING:Required fields are missing: [Well_ID__c]
Error fields: Well_ID__c "
"113133206404W400","N","0.04982","0","08-MAY-18","REQUIRED_FIELD_MISSING:Required fields are missing: [Well_ID__c]
Error fields: Well_ID__c "
"113132906404W400","N","0.03564","0","08-MAY-18","REQUIRED_FIELD_MISSING:Required fields are missing: [Well_ID__c]
Error fields: Well_ID__c "
"113123206404W400","N","0.04982","438.13","08-MAY-18","REQUIRED_FIELD_MISSING:Required fields are missing: [Well_ID__c]
Error fields: Well_ID__c "
"113072806404W400","N","0.04982","532.47","08-MAY-18","REQUIRED_FIELD_MISSING:Required fields are missing: [Well_ID__c]
Error fields: Well_ID__c "
"113060705124W302","N","0","0","08-MAY-18","REQUIRED_FIELD_MISSING:Required fields are missing: [Well_ID__c]
Error fields: Well_ID__c "
"113053206404W400","N","0.04982","66.13","08-MAY-18","REQUIRED_FIELD_MISSING:Required fields are missing: [Well_ID__c]
Error fields: Well_ID__c "
"113052906404W400","N","0.04982","284.87","08-MAY-18","REQUIRED_FIELD_MISSING:Required fields are missing: [Well_ID__c]
Error fields: Well_ID__c "
"113042906404W400","N","0.04982","337.94","08-MAY-18","REQUIRED_FIELD_MISSING:Required fields are missing: [Well_ID__c]
Error fields: Well_ID__c "
"113022806404W400","N","0.04982","0","08-MAY-18","REQUIRED_FIELD_MISSING:Required fields are missing: [Well_ID__c]
Error fields: Well_ID__c "
"112163206404W400","N","0.04982","0","08-MAY-18","REQUIRED_FIELD_MISSING:Required fields are missing: [Well_ID__c]
Error fields: Well_ID__c "
"112162906404W400","N","0.04982","0","08-MAY-18","REQUIRED_FIELD_MISSING:Required fields are missing: [Well_ID__c]
Error fields: Well_ID__c "
"112161706404W400","N","0.04982","452.29","08-MAY-18","REQUIRED_FIELD_MISSING:Required fields are missing: [Well_ID__c]
Error fields: Well_ID__c "
"112133206404W400","N","0.04982","357.09","08-MAY-18","REQUIRED_FIELD_MISSING:Required fields are missing: [Well_ID__c]
Error fields: Well_ID__c "
"112132906404W400","N","0.03564","0","08-MAY-18","REQUIRED_FIELD_MISSING:Required fields are missing: [Well_ID__c]
Error fields: Well_ID__c "
"112123206404W400","N","0.04982","0","08-MAY-18","REQUIRED_FIELD_MISSING:Required fields are missing: [Well_ID__c]
Error fields: Well_ID__c "
"112072806404W400","N","0.04982","343.64","08-MAY-18","REQUIRED_FIELD_MISSING:Required fields are missing: [Well_ID__c]
Error fields: Well_ID__c "
"112053206404W400","N","0.04982","0","08-MAY-18","REQUIRED_FIELD_MISSING:Required fields are missing: [Well_ID__c]
Error fields: Well_ID__c "
"112053105126W303","N","0","0","08-MAY-18","REQUIRED_FIELD_MISSING:Required fields are missing: [Well_ID__c]
Error fields: Well_ID__c "
"112052906404W400","N","0.04982","0","08-MAY-18","REQUIRED_FIELD_MISSING:Required fields are missing: [Well_ID__c]
Error fields: Well_ID__c "
"112042906404W400","N","0.04982","0","08-MAY-18","REQUIRED_FIELD_MISSING:Required fields are missing: [Well_ID__c]
Error fields: Well_ID__c "
"112022806404W400","N","0.04982","887.95","08-MAY-18","REQUIRED_FIELD_MISSING:Required fields are missing: [Well_ID__c]
Error fields: Well_ID__c "
"111163206404W400","N","0.04982","488.12","08-MAY-18","REQUIRED_FIELD_MISSING:Required fields are missing: [Well_ID__c]
Error fields: Well_ID__c "
"111162906404W400","N","0.04982","190.76","08-MAY-18","REQUIRED_FIELD_MISSING:Required fields are missing: [Well_ID__c]
Error fields: Well_ID__c "
"111161706404W400","N","0.04982","402.18","08-MAY-18","REQUIRED_FIELD_MISSING:Required fields are missing: [Well_ID__c]
Error fields: Well_ID__c "
"111132906404W400","N","0.03564","0","08-MAY-18","REQUIRED_FIELD_MISSING:Required fields are missing: [Well_ID__c]
Error fields: Well_ID__c "
"111123206404W400","N","0.04982","0","08-MAY-18","REQUIRED_FIELD_MISSING:Required fields are missing: [Well_ID__c]
Error fields: Well_ID__c "
"111110905223W303","N","0","0","08-MAY-18","REQUIRED_FIELD_MISSING:Required fields are missing: [Well_ID__c]
Error fields: Well_ID__c "
"111110605023W302","N","0.023","0","08-MAY-18","REQUIRED_FIELD_MISSING:Required fields are missing: [Well_ID__c]
Error fields: Well_ID__c "
"111072806404W400","N","0.04982","424.58","08-MAY-18","REQUIRED_FIELD_MISSING:Required fields are missing: [Well_ID__c]
Error fields: Well_ID__c "
"111061204824W305","N","0","0","02-MAY-18","REQUIRED_FIELD_MISSING:Required fields are missing: [Well_ID__c]
Error fields: Well_ID__c "
"111060105024W302","N","0.023","0","08-MAY-18","REQUIRED_FIELD_MISSING:Required fields are missing: [Well_ID__c]
Error fields: Well_ID__c "
"111053206404W400","N","0.04982","0","08-MAY-18","REQUIRED_FIELD_MISSING:Required fields are missing: [Well_ID__c]
Error fields: Well_ID__c "
"111052906404W400","N","0.04982","325.75","08-MAY-18","REQUIRED_FIELD_MISSING:Required fields are missing: [Well_ID__c]
Error fields: Well_ID__c "
"111042906404W400","N","0.04982","0","08-MAY-18","REQUIRED_FIELD_MISSING:Required fields are missing: [Well_ID__c]
Error fields: Well_ID__c "
"111022806404W400","N","0.04982","246.8","08-MAY-18","REQUIRED_FIELD_MISSING:Required fields are missing: [Well_ID__c]
Error fields: Well_ID__c "
"111021505025W302","N","0","0","08-MAY-18","REQUIRED_FIELD_MISSING:Required fields are missing: [Well_ID__c]
Error fields: Well_ID__c "
"110162906404W400","N","0.04982","0","08-MAY-18","REQUIRED_FIELD_MISSING:Required fields are missing: [Well_ID__c]
Error fields: Well_ID__c "
"110133206404W400","N","0.04982","0","08-MAY-18","REQUIRED_FIELD_MISSING:Required fields are missing: [Well_ID__c]
Error fields: Well_ID__c "
"110123206404W400","N","0.04982","132.57","08-MAY-18","REQUIRED_FIELD_MISSING:Required fields are missing: [Well_ID__c]
Error fields: Well_ID__c "
"110072806404W400","N","0.04982","0","08-MAY-18","REQUIRED_FIELD_MISSING:Required fields are missing: [Well_ID__c]
Error fields: Well_ID__c "
"110070604923W300","N","0.01933","0","08-MAY-18","REQUIRED_FIELD_MISSING:Required fields are missing: [Well_ID__c]
Error fields: Well_ID__c "
"110053206404W400","N","0.04982","0","08-MAY-18","REQUIRED_FIELD_MISSING:Required fields are missing: [Well_ID__c]
Error fields: Well_ID__c "
"110052906404W400","N","0.04982","0","08-MAY-18","REQUIRED_FIELD_MISSING:Required fields are missing: [Well_ID__c]
Error fields: Well_ID__c "
"110043206404W400","N","0.04982","187.36","08-MAY-18","REQUIRED_FIELD_MISSING:Required fields are missing: [Well_ID__c]
Error fields: Well_ID__c "
"110042906404W400","N","0.04982","307.19","08-MAY-18","REQUIRED_FIELD_MISSING:Required fields are missing: [Well_ID__c]
Error fields: Well_ID__c "
"110022806404W400","N","0.04982","0","08-MAY-18","REQUIRED_FIELD_MISSING:Required fields are missing: [Well_ID__c]
Error fields: Well_ID__c "
"109163206404W400","N","0.04982","0","08-MAY-18","REQUIRED_FIELD_MISSING:Required fields are missing: [Well_ID__c]
Error fields: Well_ID__c "
"109162906404W400","N","0.04982","146.48","08-MAY-18","REQUIRED_FIELD_MISSING:Required fields are missing: [Well_ID__c]
Error fields: Well_ID__c "
"109133206404W400","N","0.04982","83.12","08-MAY-18","REQUIRED_FIELD_MISSING:Required fields are missing: [Well_ID__c]
Error fields: Well_ID__c "
"109132906404W400","N","0.04982","30.83","08-MAY-18","REQUIRED_FIELD_MISSING:Required fields are missing: [Well_ID__c]
Error fields: Well_ID__c "
"109123206404W400","N","0.04982","110.3","08-MAY-18","REQUIRED_FIELD_MISSING:Required fields are missing: [Well_ID__c]
Error fields: Well_ID__c "
"109072806404W400","N","0.04982","0","08-MAY-18","REQUIRED_FIELD_MISSING:Required fields are missing: [Well_ID__c]
Error fields: Well_ID__c "
"109070604923W300","N","0.01933","0","08-MAY-18","REQUIRED_FIELD_MISSING:Required fields are missing: [Well_ID__c]
Error fields: Well_ID__c "
"109053206404W400","N","0.04982","0","08-MAY-18","REQUIRED_FIELD_MISSING:Required fields are missing: [Well_ID__c]
Error fields: Well_ID__c "
"109052906404W400","N","0.04982","312.48","08-MAY-18","REQUIRED_FIELD_MISSING:Required fields are missing: [Well_ID__c]
Error fields: Well_ID__c "
"109042906404W400","N","0.04982","6.37","08-MAY-18","REQUIRED_FIELD_MISSING:Required fields are missing: [Well_ID__c]
Error fields: Well_ID__c "
"108162906404W400","N","0.04982","0","08-MAY-18","REQUIRED_FIELD_MISSING:Required fields are missing: [Well_ID__c]
Error fields: Well_ID__c "
"108153206404W400","N","0.04982","0","08-MAY-18","REQUIRED_FIELD_MISSING:Required fields are missing: [Well_ID__c]
Error fields: Well_ID__c "
"108152806404W400","N","0.04982","0","08-MAY-18","REQUIRED_FIELD_MISSING:Required fields are missing: [Well_ID__c]
Error fields: Well_ID__c "
"108133206404W400","N","0.04982","34.24","08-MAY-18","REQUIRED_FIELD_MISSING:Required fields are missing: [Well_ID__c]
Error fields: Well_ID__c "
"108132906404W400","N","0.04982","0","08-MAY-18","REQUIRED_FIELD_MISSING:Required fields are missing: [Well_ID__c]
Error fields: Well_ID__c "
"108123206404W400","N","0.04982","128.9","08-MAY-18","REQUIRED_FIELD_MISSING:Required fields are missing: [Well_ID__c]
Error fields: Well_ID__c "
"108122906404W400","N","0.04982","32.95","08-MAY-18","REQUIRED_FIELD_MISSING:Required fields are missing: [Well_ID__c]
Error fields: Well_ID__c "
"108112906404W400","N","0.03564","0","08-MAY-18","REQUIRED_FIELD_MISSING:Required fields are missing: [Well_ID__c]
Error fields: Well_ID__c "
"108102806404W402","N","0.04982","0","08-MAY-18","REQUIRED_FIELD_MISSING:Required fields are missing: [Well_ID__c]
Error fields: Well_ID__c "
"108072806404W400","N","0.04982","0","08-MAY-18","REQUIRED_FIELD_MISSING:Required fields are missing: [Well_ID__c]
Error fields: Well_ID__c "
"108070604923W300","N","0.01933","0","08-MAY-18","REQUIRED_FIELD_MISSING:Required fields are missing: [Well_ID__c]
Error fields: Well_ID__c "
"108053206404W400","N","0.04982","0","08-MAY-18","REQUIRED_FIELD_MISSING:Required fields are missing: [Well_ID__c]
Error fields: Well_ID__c "
"108052906404W400","N","0.04982","288.33","08-MAY-18","REQUIRED_FIELD_MISSING:Required fields are missing: [Well_ID__c]
Error fields: Well_ID__c "
"108043206404W400","N","0.04982","0","08-MAY-18","REQUIRED_FIELD_MISSING:Required fields are missing: [Well_ID__c]
Error fields: Well_ID__c "
"108042906404W400","N","0.04982","6.37","08-MAY-18","REQUIRED_FIELD_MISSING:Required fields are missing: [Well_ID__c]
Error fields: Well_ID__c "
"108022806404W400","N","0.04982","789.5","08-MAY-18","REQUIRED_FIELD_MISSING:Required fields are missing: [Well_ID__c]
Error fields: Well_ID__c "
"107163206404W400","N","0.04982","0","08-MAY-18","REQUIRED_FIELD_MISSING:Required fields are missing: [Well_ID__c]
Error fields: Well_ID__c "
"107162906404W400","N","0.04982","238.75","08-MAY-18","REQUIRED_FIELD_MISSING:Required fields are missing: [Well_ID__c]
Error fields: Well_ID__c "
"107161706404W400","N","0.04982","266.26","08-MAY-18","REQUIRED_FIELD_MISSING:Required fields are missing: [Well_ID__c]
Error fields: Well_ID__c "
"107153206404W400","N","0.04982","0","08-MAY-18","REQUIRED_FIELD_MISSING:Required fields are missing: [Well_ID__c]
Error fields: Well_ID__c "
"107152806404W400","N","0.04982","418.66","08-MAY-18","REQUIRED_FIELD_MISSING:Required fields are missing: [Well_ID__c]
Error fields: Well_ID__c "
"107133206404W400","N","0.04982","118.09","08-MAY-18","REQUIRED_FIELD_MISSING:Required fields are missing: [Well_ID__c]
Error fields: Well_ID__c "
"107132906404W400","N","0.04982","0","08-MAY-18","REQUIRED_FIELD_MISSING:Required fields are missing: [Well_ID__c]
Error fields: Well_ID__c "
"107123206404W400","N","0.04982","214.67","08-MAY-18","REQUIRED_FIELD_MISSING:Required fields are missing: [Well_ID__c]
Error fields: Well_ID__c "
"107122906404W400","N","0.04982","0","08-MAY-18","REQUIRED_FIELD_MISSING:Required fields are missing: [Well_ID__c]
Error fields: Well_ID__c "
"107102806404W400","N","0.04982","0","08-MAY-18","REQUIRED_FIELD_MISSING:Required fields are missing: [Well_ID__c]
Error fields: Well_ID__c "
"107072806404W400","N","0.04982","0","08-MAY-18","REQUIRED_FIELD_MISSING:Required fields are missing: [Well_ID__c]
Error fields: Well_ID__c "
"107053206404W400","N","0.04982","0","08-MAY-18","REQUIRED_FIELD_MISSING:Required fields are missing: [Well_ID__c]
Error fields: Well_ID__c "
"107052906404W400","N","0.04982","0","08-MAY-18","REQUIRED_FIELD_MISSING:Required fields are missing: [Well_ID__c]
Error fields: Well_ID__c "
"107043206404W400","N","0.04982","0","08-MAY-18","REQUIRED_FIELD_MISSING:Required fields are missing: [Well_ID__c]
Error fields: Well_ID__c "
"107042906404W400","N","0.04982","6.37","08-MAY-18","REQUIRED_FIELD_MISSING:Required fields are missing: [Well_ID__c]
Error fields: Well_ID__c "
"107022806404W400","N","0.04982","493.85","08-MAY-18","REQUIRED_FIELD_MISSING:Required fields are missing: [Well_ID__c]
Error fields: Well_ID__c "
"106163206404W400","N","0.04982","0","08-MAY-18","REQUIRED_FIELD_MISSING:Required fields are missing: [Well_ID__c]
Error fields: Well_ID__c "
"106162906404W400","N","0.04982","0","08-MAY-18","REQUIRED_FIELD_MISSING:Required fields are missing: [Well_ID__c]
Error fields: Well_ID__c "
"106161706404W400","N","0.04982","279.62","08-MAY-18","REQUIRED_FIELD_MISSING:Required fields are missing: [Well_ID__c]
Error fields: Well_ID__c "
"106153206404W400","N","0.04982","121.19","08-MAY-18","REQUIRED_FIELD_MISSING:Required fields are missing: [Well_ID__c]
Error fields: Well_ID__c "
"106152806404W400","N","0.04982","0","08-MAY-18","REQUIRED_FIELD_MISSING:Required fields are missing: [Well_ID__c]
Error fields: Well_ID__c "
"106132906404W400","N","0.04982","0","08-MAY-18","REQUIRED_FIELD_MISSING:Required fields are missing: [Well_ID__c]
Error fields: Well_ID__c "
"106102806404W400","N","0.04982","371.16","08-MAY-18","REQUIRED_FIELD_MISSING:Required fields are missing: [Well_ID__c]
Error fields: Well_ID__c "
"106072806404W400","N","0.04982","0","08-MAY-18","REQUIRED_FIELD_MISSING:Required fields are missing: [Well_ID__c]
Error fields: Well_ID__c "
"106053206404W400","N","0.04982","0","08-MAY-18","REQUIRED_FIELD_MISSING:Required fields are missing: [Well_ID__c]
Error fields: Well_ID__c "
"106052906404W400","N","0.04982","0","08-MAY-18","REQUIRED_FIELD_MISSING:Required fields are missing: [Well_ID__c]
Error fields: Well_ID__c "
"106043206404W400","N","0.04982","218.32","08-MAY-18","REQUIRED_FIELD_MISSING:Required fields are missing: [Well_ID__c]
Error fields: Well_ID__c "
"106042906404W400","N","0.04982","6.37","08-MAY-18","REQUIRED_FIELD_MISSING:Required fields are missing: [Well_ID__c]
Error fields: Well_ID__c "
"106022806404W400","N","0.04982","852.96","08-MAY-18","REQUIRED_FIELD_MISSING:Required fields are missing: [Well_ID__c]
Error fields: Well_ID__c "
"105162906404W400","N","0.04982","236.8","08-MAY-18","REQUIRED_FIELD_MISSING:Required fields are missing: [Well_ID__c]
Error fields: Well_ID__c "
"105161706404W400","N","0.04982","211.32","08-MAY-18","REQUIRED_FIELD_MISSING:Required fields are missing: [Well_ID__c]
Error fields: Well_ID__c "
"105153206404W400","N","0.04982","337.6","08-MAY-18","REQUIRED_FIELD_MISSING:Required fields are missing: [Well_ID__c]
Error fields: Well_ID__c "
"105152806404W400","N","0.04982","342.81","08-MAY-18","REQUIRED_FIELD_MISSING:Required fields are missing: [Well_ID__c]
Error fields: Well_ID__c "
"105131606404W400","N","0.04982","261.05","08-MAY-18","REQUIRED_FIELD_MISSING:Required fields are missing: [Well_ID__c]
Error fields: Well_ID__c "
"105102806404W400","N","0.04982","0","08-MAY-18","REQUIRED_FIELD_MISSING:Required fields are missing: [Well_ID__c]
Error fields: Well_ID__c "
"105073206404W400","N","0.04982","0","08-MAY-18","REQUIRED_FIELD_MISSING:Required fields are missing: [Well_ID__c]
Error fields: Well_ID__c "
"105072806404W400","N","0.04982","0","08-MAY-18","REQUIRED_FIELD_MISSING:Required fields are missing: [Well_ID__c]
Error fields: Well_ID__c "
"105053206404W400","N","0.04982","264.46","08-MAY-18","REQUIRED_FIELD_MISSING:Required fields are missing: [Well_ID__c]
Error fields: Well_ID__c "
"105052906404W400","N","0.04982","410.73","08-MAY-18","REQUIRED_FIELD_MISSING:Required fields are missing: [Well_ID__c]
Error fields: Well_ID__c "
"105043206404W400","N","0.04982","0","08-MAY-18","REQUIRED_FIELD_MISSING:Required fields are missing: [Well_ID__c]
Error fields: Well_ID__c "
"105042906404W400","N","0.04982","6.37","08-MAY-18","REQUIRED_FIELD_MISSING:Required fields are missing: [Well_ID__c]
Error fields: Well_ID__c "
"105022806404W400","N","0.04982","771.4","08-MAY-18","REQUIRED_FIELD_MISSING:Required fields are missing: [Well_ID__c]
Error fields: Well_ID__c "
"104163206404W400","N","0.04982","0","08-MAY-18","REQUIRED_FIELD_MISSING:Required fields are missing: [Well_ID__c]
Error fields: Well_ID__c "
"104162906404W400","N","0.04982","314.38","08-MAY-18","REQUIRED_FIELD_MISSING:Required fields are missing: [Well_ID__c]
Error fields: Well_ID__c "
"104153206404W400","N","0.04982","199.39","08-MAY-18","REQUIRED_FIELD_MISSING:Required fields are missing: [Well_ID__c]
Error fields: Well_ID__c "
"104152806404W402","N","0.04982","0","08-MAY-18","REQUIRED_FIELD_MISSING:Required fields are missing: [Well_ID__c]
Error fields: Well_ID__c "
"104122906404W400","N","0.04982","134.92","08-MAY-18","REQUIRED_FIELD_MISSING:Required fields are missing: [Well_ID__c]
Error fields: Well_ID__c "
"104102806404W400","N","0.04982","393.89","08-MAY-18","REQUIRED_FIELD_MISSING:Required fields are missing: [Well_ID__c]
Error fields: Well_ID__c "
"104073206404W400","N","0.04982","0","08-MAY-18","REQUIRED_FIELD_MISSING:Required fields are missing: [Well_ID__c]
Error fields: Well_ID__c "
"104072806404W400","N","0.04982","416.08","08-MAY-18","REQUIRED_FIELD_MISSING:Required fields are missing: [Well_ID__c]
Error fields: Well_ID__c "
"104053206404W400","N","0.04982","59.42","08-MAY-18","REQUIRED_FIELD_MISSING:Required fields are missing: [Well_ID__c]
Error fields: Well_ID__c "
"104052906404W400","N","0.04982","309.46","08-MAY-18","REQUIRED_FIELD_MISSING:Required fields are missing: [Well_ID__c]
Error fields: Well_ID__c "
"104043206404W400","N","0.04982","162.24","08-MAY-18","REQUIRED_FIELD_MISSING:Required fields are missing: [Well_ID__c]
Error fields: Well_ID__c "
"104042906404W400","N","0.04982","6.37","08-MAY-18","REQUIRED_FIELD_MISSING:Required fields are missing: [Well_ID__c]
Error fields: Well_ID__c "
"104022806404W400","N","0.04982","371.48","08-MAY-18","REQUIRED_FIELD_MISSING:Required fields are missing: [Well_ID__c]
Error fields: Well_ID__c "
"103162906404W400","N","0.04982","0","08-MAY-18","REQUIRED_FIELD_MISSING:Required fields are missing: [Well_ID__c]
Error fields: Well_ID__c "
"103161706404W400","N","0.04982","0","08-MAY-18","REQUIRED_FIELD_MISSING:Required fields are missing: [Well_ID__c]
Error fields: Well_ID__c "
"103152806404W400","N","0.04982","520.93","08-MAY-18","REQUIRED_FIELD_MISSING:Required fields are missing: [Well_ID__c]
Error fields: Well_ID__c "
"103133206404W400","N","0.04982","255.74","08-MAY-18","REQUIRED_FIELD_MISSING:Required fields are missing: [Well_ID__c]
Error fields: Well_ID__c "
"103102806404W400","N","0.04982","0","08-MAY-18","REQUIRED_FIELD_MISSING:Required fields are missing: [Well_ID__c]
Error fields: Well_ID__c "
"103073405324W300","N","0","0","08-MAY-18","REQUIRED_FIELD_MISSING:Required fields are missing: [Well_ID__c]
Error fields: Well_ID__c "
"103070604923W300","N","0.01933","0","08-MAY-18","REQUIRED_FIELD_MISSING:Required fields are missing: [Well_ID__c]
Error fields: Well_ID__c "
"103060604923W300","N","0.04181","193.29","08-MAY-18","REQUIRED_FIELD_MISSING:Required fields are missing: [Well_ID__c]
Error fields: Well_ID__c "
"103053206404W400","N","0.04982","150.73","08-MAY-18","REQUIRED_FIELD_MISSING:Required fields are missing: [Well_ID__c]
Error fields: Well_ID__c "
"103052906404W400","N","0.04982","0","08-MAY-18","REQUIRED_FIELD_MISSING:Required fields are missing: [Well_ID__c]
Error fields: Well_ID__c "
"103043206404W400","N","0.04982","187.35","08-MAY-18","REQUIRED_FIELD_MISSING:Required fields are missing: [Well_ID__c]
Error fields: Well_ID__c "
"103042906404W400","N","0.04982","6.37","08-MAY-18","REQUIRED_FIELD_MISSING:Required fields are missing: [Well_ID__c]
Error fields: Well_ID__c "
"102162906404W400","N","0.04982","0","08-MAY-18","REQUIRED_FIELD_MISSING:Required fields are missing: [Well_ID__c]
Error fields: Well_ID__c "
"102161706404W400","N","0.04982","0","08-MAY-18","REQUIRED_FIELD_MISSING:Required fields are missing: [Well_ID__c]
Error fields: Well_ID__c "
"102131606404W400","N","0.04982","0","08-MAY-18","REQUIRED_FIELD_MISSING:Required fields are missing: [Well_ID__c]
Error fields: Well_ID__c "
"102102806404W400","N","0.04982","362.23","08-MAY-18","REQUIRED_FIELD_MISSING:Required fields are missing: [Well_ID__c]
Error fields: Well_ID__c "
"102102205405W400","N","0","0","08-MAY-18","REQUIRED_FIELD_MISSING:Required fields are missing: [Well_ID__c]
Error fields: Well_ID__c "
"102062205405W400","N","0","0","08-MAY-18","REQUIRED_FIELD_MISSING:Required fields are missing: [Well_ID__c]
Error fields: Well_ID__c "
"102061105207W402","N","0","0","08-MAY-18","REQUIRED_FIELD_MISSING:Required fields are missing: [Well_ID__c]
Error fields: Well_ID__c "
"102043206404W400","N","0.04982","0","08-MAY-18","REQUIRED_FIELD_MISSING:Required fields are missing: [Well_ID__c]
Error fields: Well_ID__c "
"102042906404W400","N","0.04982","6.37","08-MAY-18","REQUIRED_FIELD_MISSING:Required fields are missing: [Well_ID__c]
Error fields: Well_ID__c "
"101070105125W302","N","0","0","08-MAY-18","REQUIRED_FIELD_MISSING:Required fields are missing: [Well_ID__c]
Error fields: Well_ID__c "
"101011304924W300","N","0.04181","404.54","08-MAY-18","REQUIRED_FIELD_MISSING:Required fields are missing: [Well_ID__c]
Error fields: Well_ID__c "
"100162007320W400","N","0","0","08-MAY-18","REQUIRED_FIELD_MISSING:Required fields are missing: [Well_ID__c]
Error fields: Well_ID__c "
"100161706404W400","N","0.04982","0","08-MAY-18","REQUIRED_FIELD_MISSING:Required fields are missing: [Well_ID__c]
Error fields: Well_ID__c "
"100161405206W402","N","0","0","08-MAY-18","REQUIRED_FIELD_MISSING:Required fields are missing: [Well_ID__c]
Error fields: Well_ID__c "
"100152004501W400","N","0","0","08-MAY-18","REQUIRED_FIELD_MISSING:Required fields are missing: [Well_ID__c]
Error fields: Well_ID__c "
"100143605206W402","N","0","0","08-MAY-18","REQUIRED_FIELD_MISSING:Required fields are missing: [Well_ID__c]
Error fields: Well_ID__c "
"100142404604W400","N","0","0","07-MAY-18","REQUIRED_FIELD_MISSING:Required fields are missing: [Well_ID__c]
Error fields: Well_ID__c "
"100122906404W400","N","0.04982","140.09","08-MAY-18","REQUIRED_FIELD_MISSING:Required fields are missing: [Well_ID__c]
Error fields: Well_ID__c "
"100111404902W404","N","0","0","08-MAY-18","REQUIRED_FIELD_MISSING:Required fields are missing: [Well_ID__c]
Error fields: Well_ID__c "
"100102806404W400","N","0.04982","294.43","08-MAY-18","REQUIRED_FIELD_MISSING:Required fields are missing: [Well_ID__c]
Error fields: Well_ID__c "
"100090705307W402","N","0","0","08-MAY-18","REQUIRED_FIELD_MISSING:Required fields are missing: [Well_ID__c]
Error fields: Well_ID__c "
"100090304904W403","N","0","0","08-MAY-18","REQUIRED_FIELD_MISSING:Required fields are missing: [Well_ID__c]
Error fields: Well_ID__c "
"100081104808W400","N","0.008","0","08-MAY-18","REQUIRED_FIELD_MISSING:Required fields are missing: [Well_ID__c]
Error fields: Well_ID__c "
"100072404907W403","N","0","0","08-MAY-18","REQUIRED_FIELD_MISSING:Required fields are missing: [Well_ID__c]
Error fields: Well_ID__c "
"100072304801W402","N","0","0","08-MAY-18","REQUIRED_FIELD_MISSING:Required fields are missing: [Well_ID__c]
Error fields: Well_ID__c "
"100072205405W400","N","0","0","08-MAY-18","REQUIRED_FIELD_MISSING:Required fields are missing: [Well_ID__c]
Error fields: Well_ID__c "
"100063004805W400","N","0.008","0","08-MAY-18","REQUIRED_FIELD_MISSING:Required fields are missing: [Well_ID__c]
Error fields: Well_ID__c "
"100052205405W400","N","0","0","08-MAY-18","REQUIRED_FIELD_MISSING:Required fields are missing: [Well_ID__c]
Error fields: Well_ID__c "
"100042205405W400","N","0","0","08-MAY-18","REQUIRED_FIELD_MISSING:Required fields are missing: [Well_ID__c]
Error fields: Well_ID__c "
"100042104906W402","N","0.16357","8.79","08-MAY-18","REQUIRED_FIELD_MISSING:Required fields are missing: [Well_ID__c]
Error fields: Well_ID__c "
"100040804910W403","N","0","0","05-MAY-18","REQUIRED_FIELD_MISSING:Required fields are missing: [Well_ID__c]
Error fields: Well_ID__c "
"100021704902W402","N","0","0","08-MAY-18","REQUIRED_FIELD_MISSING:Required fields are missing: [Well_ID__c]
Error fields: Well_ID__c "
"100010504604W402","N","0","0","07-MAY-18","REQUIRED_FIELD_MISSING:Required fields are missing: [Well_ID__c]
Error fields: Well_ID__c "
"100010100101W300","N","0","0","08-MAY-18","REQUIRED_FIELD_MISSING:Required fields are missing: [Well_ID__c]
Error fields: Well_ID__c "
